Category,Product,Variant
Drinkware,White Mug,11 oz
Drinkware,Color Changing Mug,11 oz
Drinkware,Black Inner Color Mug,11 oz
Drinkware,Blue Inner Color Mug,11 oz
Drinkware,Dark Blue Inner Color Mug,11 oz
Drinkware,Green Inner Color Mug,11 oz
Drinkware,Orange Inner Color Mug,11 oz
Drinkware,Red Inner Color Mug,11 oz
Drinkware,Yellow Inner Color Mug,11 oz
Drinkware,Sipper Bottle,600 ml
Drinkware,Sipper Bottle,750 ml
Desk Essentials,Round Coaster,Regular
Desk Essentials,Round Coaster,Acrylic
Desk Essentials,Square Coaster,Regular
Desk Essentials,Square Coaster,Acrylic
Posters & Prints,A3 Poster,Unframed
Posters & Prints,A3 Poster,Black Frame
Posters & Prints,A3 Poster,White Frame
Posters & Prints,A4 Poster,Unframed
Posters & Prints,A4 Poster,Black Frame
Posters & Prints,A4 Poster,White Frame
Bags,Black Tote Bag,With Zipper
Bags,Black Tote Bag,Without Zipper
Bags,Half-White Tote Bag,With Zipper
Bags,Half-White Tote Bag,Without Zipper
Bags,Navy Blue Tote Bag,With Zipper
Bags,Navy Blue Tote Bag,Without Zipper
Apparel,Beige Premium Oversized T-shirt,XS
Apparel,Beige Premium Oversized T-shirt,XL
Apparel,Black Premium Oversized T-shirt,XS
Apparel,Black Premium Oversized T-shirt,S
Apparel,Black Premium Oversized T-shirt,M
Apparel,Black Premium Oversized T-shirt,L
Apparel,Black Premium Oversized T-shirt,XL
Apparel,Black Premium Oversized T-shirt,2XL
Apparel,Brick Red Premium Oversized T-shirt,XS
Apparel,Brick Red Premium Oversized T-shirt,S
Apparel,Brick Red Premium Oversized T-shirt,M
Apparel,Brick Red Premium Oversized T-shirt,L
Apparel,Brick Red Premium Oversized T-shirt,XL
Apparel,Brick Red Premium Oversized T-shirt,2XL
Apparel,Forest Green Premium Oversized T-shirt,XS
Apparel,Forest Green Premium Oversized T-shirt,S
Apparel,Forest Green Premium Oversized T-shirt,M
Apparel,Forest Green Premium Oversized T-shirt,L
Apparel,Forest Green Premium Oversized T-shirt,XL
Apparel,Forest Green Premium Oversized T-shirt,2XL
Apparel,Ivory Premium Oversized T-shirt,XS
Apparel,Ivory Premium Oversized T-shirt,S
Apparel,Ivory Premium Oversized T-shirt,M
Apparel,Ivory Premium Oversized T-shirt,L
Apparel,Ivory Premium Oversized T-shirt,XL
Apparel,Ivory Premium Oversized T-shirt,2XL
Apparel,Navy Blue Premium Oversized T-shirt,XS
Apparel,Navy Blue Premium Oversized T-shirt,S
Apparel,Navy Blue Premium Oversized T-shirt,M
Apparel,Navy Blue Premium Oversized T-shirt,L
Apparel,Navy Blue Premium Oversized T-shirt,XL
Apparel,Navy Blue Premium Oversized T-shirt,2XL
Apparel,White Premium Oversized T-shirt,XS
Apparel,White Premium Oversized T-shirt,S
Apparel,White Premium Oversized T-shirt,M
Apparel,White Premium Oversized T-shirt,L
Apparel,White Premium Oversized T-shirt,XL
Apparel,White Premium Oversized T-shirt,2XL
Apparel,Baby Blue Oversized T-shirt,XS
Apparel,Baby Blue Oversized T-shirt,S
Apparel,Baby Blue Oversized T-shirt,M
Apparel,Baby Blue Oversized T-shirt,L
Apparel,Baby Blue Oversized T-shirt,XL
Apparel,Baby Blue Oversized T-shirt,2XL
Apparel,Black Oversized T-shirt,XS
Apparel,Black Oversized T-shirt,S
Apparel,Black Oversized T-shirt,M
Apparel,Black Oversized T-shirt,L
Apparel,Black Oversized T-shirt,XL
Apparel,Black Oversized T-shirt,2XL
Apparel,Bottle Green Oversized T-shirt,XS
Apparel,Bottle Green Oversized T-shirt,S
Apparel,Bottle Green Oversized T-shirt,M
Apparel,Bottle Green Oversized T-shirt,L
Apparel,Bottle Green Oversized T-shirt,XL
Apparel,Bottle Green Oversized T-shirt,2XL
Apparel,Burgundy Oversized T-shirt,XS
Apparel,Burgundy Oversized T-shirt,S
Apparel,Burgundy Oversized T-shirt,M
Apparel,Burgundy Oversized T-shirt,L
Apparel,Burgundy Oversized T-shirt,XL
Apparel,Burgundy Oversized T-shirt,2XL
Apparel,Dusty Rose Oversized T-shirt,XS
Apparel,Dusty Rose Oversized T-shirt,S
Apparel,Dusty Rose Oversized T-shirt,M
Apparel,Dusty Rose Oversized T-shirt,L
Apparel,Dusty Rose Oversized T-shirt,XL
Apparel,Dusty Rose Oversized T-shirt,2XL
Apparel,Iris Lavender Oversized T-shirt,XS
Apparel,Iris Lavender Oversized T-shirt,S
Apparel,Iris Lavender Oversized T-shirt,M
Apparel,Iris Lavender Oversized T-shirt,L
Apparel,Iris Lavender Oversized T-shirt,XL
Apparel,Iris Lavender Oversized T-shirt,2XL
Apparel,Navy Blue Oversized T-shirt,XS
Apparel,Navy Blue Oversized T-shirt,S
Apparel,Navy Blue Oversized T-shirt,M
Apparel,Navy Blue Oversized T-shirt,L
Apparel,Navy Blue Oversized T-shirt,XL
Apparel,Navy Blue Oversized T-shirt,2XL
Apparel,Off-White Oversized T-shirt,XS
Apparel,Off-White Oversized T-shirt,S
Apparel,Off-White Oversized T-shirt,M
Apparel,Off-White Oversized T-shirt,L
Apparel,Off-White Oversized T-shirt,XL
Apparel,Off-White Oversized T-shirt,2XL
Apparel,Red Oversized T-shirt,XS
Apparel,Red Oversized T-shirt,S
Apparel,Red Oversized T-shirt,M
Apparel,Red Oversized T-shirt,L
Apparel,Red Oversized T-shirt,XL
Apparel,Red Oversized T-shirt,2XL
Apparel,Royal Blue Oversized T-shirt,XS
Apparel,Royal Blue Oversized T-shirt,S
Apparel,Royal Blue Oversized T-shirt,M
Apparel,Royal Blue Oversized T-shirt,L
Apparel,Royal Blue Oversized T-shirt,XL
Apparel,Royal Blue Oversized T-shirt,2XL
Apparel,Silver Frost Oversized T-shirt,XS
Apparel,Silver Frost Oversized T-shirt,S
Apparel,Silver Frost Oversized T-shirt,M
Apparel,Silver Frost Oversized T-shirt,L
Apparel,Silver Frost Oversized T-shirt,XL
Apparel,Silver Frost Oversized T-shirt,2XL
Apparel,Steel Grey Oversized T-shirt,XS
Apparel,Steel Grey Oversized T-shirt,S
Apparel,Steel Grey Oversized T-shirt,M
Apparel,Steel Grey Oversized T-shirt,L
Apparel,Steel Grey Oversized T-shirt,XL
Apparel,Steel Grey Oversized T-shirt,2XL
Apparel,White Oversized T-shirt,XS
Apparel,White Oversized T-shirt,S
Apparel,White Oversized T-shirt,M
Apparel,White Oversized T-shirt,L
Apparel,White Oversized T-shirt,XL
Apparel,White Oversized T-shirt,2XL
Apparel,Baby Blue Hoodie,XS
Apparel,Baby Blue Hoodie,S
Apparel,Baby Blue Hoodie,M
Apparel,Baby Blue Hoodie,L
Apparel,Baby Blue Hoodie,XL
Apparel,Baby Blue Hoodie,2XL
Apparel,Black Hoodie,XS
Apparel,Black Hoodie,S
Apparel,Black Hoodie,M
Apparel,Black Hoodie,L
Apparel,Black Hoodie,XL
Apparel,Black Hoodie,2XL
Apparel,Golden Yellow Hoodie,XS
Apparel,Golden Yellow Hoodie,S
Apparel,Golden Yellow Hoodie,M
Apparel,Golden Yellow Hoodie,L
Apparel,Golden Yellow Hoodie,XL
Apparel,Golden Yellow Hoodie,2XL
Apparel,Iris Lavender Hoodie,XS
Apparel,Iris Lavender Hoodie,S
Apparel,Iris Lavender Hoodie,M
Apparel,Iris Lavender Hoodie,L
Apparel,Iris Lavender Hoodie,XL
Apparel,Iris Lavender Hoodie,2XL
Apparel,Light Pink Hoodie,XS
Apparel,Light Pink Hoodie,S
Apparel,Light Pink Hoodie,M
Apparel,Light Pink Hoodie,L
Apparel,Light Pink Hoodie,XL
Apparel,Light Pink Hoodie,2XL
Apparel,Maroon Hoodie,XS
Apparel,Maroon Hoodie,S
Apparel,Maroon Hoodie,M
Apparel,Maroon Hoodie,L
Apparel,Maroon Hoodie,XL
Apparel,Maroon Hoodie,2XL
Apparel,Melange Grey Hoodie,XS
Apparel,Melange Grey Hoodie,S
Apparel,Melange Grey Hoodie,M
Apparel,Melange Grey Hoodie,L
Apparel,Melange Grey Hoodie,XL
Apparel,Melange Grey Hoodie,2XL
Apparel,Mint Green Hoodie,XS
Apparel,Mint Green Hoodie,S
Apparel,Mint Green Hoodie,2XL
Apparel,Navy Blue Hoodie,XS
Apparel,Navy Blue Hoodie,XL
Apparel,Olive Green Hoodie,XS
Apparel,Olive Green Hoodie,S
Apparel,Olive Green Hoodie,M
Apparel,Olive Green Hoodie,L
Apparel,Olive Green Hoodie,XL
Apparel,Olive Green Hoodie,2XL
Apparel,Red Hoodie,XS
Apparel,Red Hoodie,S
Apparel,Red Hoodie,M
Apparel,Red Hoodie,L
Apparel,Red Hoodie,XL
Apparel,Red Hoodie,2XL
Apparel,White Hoodie,S
Apparel,White Hoodie,M
Apparel,White Hoodie,L
Apparel,White Hoodie,2XL
Apparel,Baby Blue Sweatshirt,XS
Apparel,Baby Blue Sweatshirt,S
Apparel,Baby Blue Sweatshirt,M
Apparel,Baby Blue Sweatshirt,L
Apparel,Baby Blue Sweatshirt,XL
Apparel,Baby Blue Sweatshirt,2XL
Apparel,Black Sweatshirt,S
Apparel,Black Sweatshirt,M
Apparel,Black Sweatshirt,L
Apparel,Black Sweatshirt,XL
Apparel,Black Sweatshirt,2XL
Apparel,Golden Yellow Sweatshirt,XS
Apparel,Golden Yellow Sweatshirt,S
Apparel,Golden Yellow Sweatshirt,M
Apparel,Golden Yellow Sweatshirt,L
Apparel,Golden Yellow Sweatshirt,XL
Apparel,Golden Yellow Sweatshirt,2XL
Apparel,Iris Lavender Sweatshirt,XS
Apparel,Iris Lavender Sweatshirt,S
Apparel,Iris Lavender Sweatshirt,M
Apparel,Iris Lavender Sweatshirt,L
Apparel,Iris Lavender Sweatshirt,XL
Apparel,Iris Lavender Sweatshirt,2XL
Apparel,Light Pink Sweatshirt,XS
Apparel,Light Pink Sweatshirt,S
Apparel,Light Pink Sweatshirt,M
Apparel,Light Pink Sweatshirt,L
Apparel,Light Pink Sweatshirt,XL
Apparel,Light Pink Sweatshirt,2XL
Apparel,Maroon Sweatshirt,XS
Apparel,Maroon Sweatshirt,S
Apparel,Maroon Sweatshirt,M
Apparel,Maroon Sweatshirt,L
Apparel,Maroon Sweatshirt,XL
Apparel,Maroon Sweatshirt,2XL
Apparel,Melange Grey Sweatshirt,XS
Apparel,Melange Grey Sweatshirt,S
Apparel,Melange Grey Sweatshirt,M
Apparel,Melange Grey Sweatshirt,XL
Apparel,Melange Grey Sweatshirt,2XL
Apparel,Mint Green Sweatshirt,XS
Apparel,Mint Green Sweatshirt,M
Apparel,Mint Green Sweatshirt,2XL
Apparel,Navy Blue Sweatshirt,XS
Apparel,Navy Blue Sweatshirt,S
Apparel,Navy Blue Sweatshirt,M
Apparel,Navy Blue Sweatshirt,L
Apparel,Navy Blue Sweatshirt,XL
Apparel,Navy Blue Sweatshirt,2XL
Apparel,Olive Green Sweatshirt,XS
Apparel,Olive Green Sweatshirt,S
Apparel,Olive Green Sweatshirt,M
Apparel,Olive Green Sweatshirt,L
Apparel,Olive Green Sweatshirt,XL
Apparel,Olive Green Sweatshirt,2XL
Apparel,Red Sweatshirt,XS
Apparel,Red Sweatshirt,S
Apparel,Red Sweatshirt,M
Apparel,Red Sweatshirt,L
Apparel,Red Sweatshirt,XL
Apparel,Red Sweatshirt,2XL
Apparel,White Sweatshirt,XS
Apparel,White Sweatshirt,M
Apparel,White Sweatshirt,L
Apparel,White Sweatshirt,2XL
